sub-d	_t_male	s_t_male	r_t_male	sr_t_male	srw_t_male	_p_male	s_p_male	r_p_male	sr_p_male	srw_p_male	_t_female	s_t_female	r_t_female	sr_t_female	srw_t_female	_p_female	s_p_female	r_p_female	sr_p_female	srw_p_female
AILEUVILA	401	3350	94	59	5204	4107	399	1824	147	2631	403	3426	109	66	4526	4208	369	1647	123	2183
AINARO	136	2376	80	92	3596	2677	396	1342	127	1738	177	2510	60	68	3222	2867	290	1234	117	1529
ALAS	131	1161	52	17	1732	1579	32	936	15	531	139	1169	49	12	1567	1588	35	912	15	386
ATABAE	715	1676	106	51	2090	2703	245	936	59	695	834	1708	113	47	1795	2925	163	878	45	486
ATAURO	89	1200	36	14	2269	1584	157	806	49	1012	158	1613	47	17	2007	2113	140	812	57	720
ATSABE	1104	3928	108	72	1948	5185	243	812	108	812	1397	4389	84	64	1531	5940	181	683	100	561
BAGUIA	1178	498	212	47	2003	1833	91	834	69	1111	1498	591	201	30	1814	2303	72	867	56	836
BALIBO	412	3029	97	108	2676	4424	151	1032	55	660	473	3364	90	88	2154	4698	90	941	40	400
BARIQUE/NATARBORA	88	572	34	14	1537	789	85	460	76	835	124	632	39	12	1162	949	51	416	31	522
BAUCAU	1904	3473	466	155	13686	6863	657	4061	497	7606	2191	3807	395	131	12707	7637	610	3953	455	6576
BAZARTETE	441	3777	129	82	5946	4790	446	2551	119	2469	526	4320	145	67	4898	5438	341	2195	88	1894
BOBONARO	1157	4642	128	93	3699	5997	413	1345	89	1875	1485	5433	138	88	3314	7231	309	1422	84	1412
CAILACO	1055	1468	82	38	1504	2607	203	537	26	774	1317	1544	65	36	1339	2943	152	489	22	695
CRISTOREI	404	4407	282	185	18895	6710	1071	5398	411	10583	399	4693	284	171	16370	6948	1019	4907	374	8669
DOMALEIXO	1178	6467	611	393	39830	12932	2033	14767	1823	16924	924	6746	417	325	32767	12383	1784	12437	1561	13014
ERMERA	331	6413	189	90	7378	7271	659	3025	183	3263	442	7375	142	101	5961	8290	527	2498	158	2548
FATUBERLIU	98	942	69	34	1975	1265	151	838	82	782	80	987	53	40	1736	1318	92	788	68	630
FATULULIC	137	230	35	17	367	452	31	161	8	134	188	229	37	13	379	531	29	168	10	108
FATUMEAN	31	669	22	7	704	765	25	531	8	104	29	748	21	7	609	859	24	486	2	43
FOROHEM	220	663	65	42	763	972	47	583	19	132	233	787	62	26	727	1102	33	613	20	67
HATOLIA	644	8550	240	100	5090	9812	338	2410	84	1980	751	9699	213	68	3802	10859	285	2028	53	1308
HATU-BUILICO	277	2401	73	36	2015	2856	216	986	40	704	348	2730	69	17	1681	3245	164	854	38	544
HATU-UDO	95	1873	37	46	2129	1494	791	598	26	1271	105	1985	33	42	1891	1520	839	499	21	1177
ILIOMAR	1191	340	231	20	1047	1736	75	526	32	460	1795	213	244	30	870	2210	40	570	32	300
LACLO	726	1142	46	42	1271	2178	109	467	60	413	791	1142	46	41	1109	2249	93	454	33	300
LACLUBAR	540	2383	71	26	1881	3030	158	673	42	998	679	2669	52	14	1596	3459	130	601	29	791
LACLUTA	218	1055	45	20	1192	1454	76	534	21	445	263	1278	38	13	889	1716	51	400	17	297
LAGA	2250	812	243	111	2715	3411	233	928	89	1470	2612	811	201	105	2461	3735	206	883	87	1279
LALEIA	153	395	29	15	787	692	62	317	24	284	169	373	32	20	740	693	49	306	20	266
LAULARA	83	1206	61	33	1784	1445	95	980	27	620	96	1359	58	21	1431	1591	75	825	12	462
LAUTEM	1493	819	637	160	2800	2542	295	1525	174	1373	2163	889	676	179	2179	3340	236	1471	146	893
LETEFOHO	591	4884	97	85	3453	5685	320	1607	83	1415	691	5301	112	77	2685	6199	224	1335	62	1046
LIQUIÇA	405	3524	80	73	4970	4330	308	2001	109	2304	446	4074	63	59	4145	4926	254	1717	106	1784
LIQUIDOE	248	971	44	12	1549	1360	134	719	12	599	276	945	54	14	1311	1374	86	686	9	445
LOLOTOE	277	819	148	85	1602	1249	186	1006	116	374	401	980	162	71	1570	1574	139	1144	110	217
LOSPALOS	2054	1474	710	292	7773	4636	505	2544	442	4176	3297	1651	704	316	6854	6167	407	2492	434	3322
LURO	1067	222	169	52	733	1287	108	235	41	572	1347	137	181	28	598	1530	68	236	39	418
MALIANA	493	3595	125	100	6292	4655	425	2227	489	2809	655	4146	102	96	5623	5321	343	2180	460	2318
MANATUTO	374	1362	78	45	3213	2227	328	762	128	1627	409	1439	87	38	2850	2311	306	748	101	1357
MAUBARA	1391	3255	125	34	3150	5112	364	1272	58	1149	1732	3492	111	32	2359	5672	265	1008	52	729
MAUBISSE	721	4885	94	79	3564	5326	718	1228	115	1956	783	5039	117	69	3057	5603	634	1068	98	1662
MAUKATAR	277	959	60	35	1409	1354	126	681	68	511	323	1087	32	31	1278	1537	86	584	75	469
METINARO	60	658	28	54	1317	1133	96	327	74	487	63	677	30	49	1103	1131	60	298	55	378
NAINFETO	277	1443	150	101	9700	2635	809	3259	747	4221	237	1600	138	82	8766	2763	756	2936	658	3710
NITIBE	3132	219	303	35	948	3476	80	549	67	465	3535	101	398	43	719	3764	50	582	33	367
OESILO	2332	351	339	35	920	2727	111	506	21	612	2702	241	453	36	791	3028	73	595	22	505
OSSU	1800	1185	156	74	3042	3168	311	895	71	1812	2286	1351	160	67	2764	3908	297	881	67	1475
PANTEMACASAR	5939	1325	811	176	6168	7948	386	2332	183	3570	7106	990	1036	152	5226	8819	302	2421	172	2796
PASSABE	2071	179	173	27	492	2271	51	249	20	351	2554	87	198	20	406	2671	39	289	19	247
QUELICAI	2348	925	350	77	3341	3497	258	988	110	2188	3089	963	347	80	2880	4317	239	1039	88	1676
RAILACO	76	1864	43	44	2450	2388	248	794	59	988	94	1960	39	35	2098	2476	207	750	31	762
REMEXIO	223	1951	29	39	2158	2347	156	936	74	887	228	1982	29	46	1895	2407	132	847	80	714
SAME	515	4400	224	108	6828	5811	467	2722	131	2944	557	4793	194	84	5862	6215	349	2430	93	2403
SOIBADA	89	356	34	16	791	499	67	402	29	289	104	351	32	12	791	526	69	378	19	298
SUAI	637	3334	270	106	6699	4640	486	3412	134	2374	690	3753	260	94	5909	5136	368	3302	100	1800
TILOMAR	126	1172	63	33	1618	1654	77	1023	39	219	147	1266	56	32	1485	1764	78	960	37	147
TURISCAI	271	1294	47	11	1544	1598	108	1048	17	396	245	1196	44	13	1326	1472	74	943	18	317
TUTUALA	357	92	244	13	862	501	27	485	31	524	607	59	283	18	734	758	13	521	19	390
UATUCARBAU	434	762	116	15	1642	1453	85	546	25	860	578	837	128	22	1586	1734	77	568	22	750
VEMASE	457	1434	173	70	1794	2270	197	869	69	523	549	1422	142	75	1576	2322	206	778	51	407
VENILALE	933	1764	111	75	3771	2904	385	965	96	2304	1118	1914	107	58	3396	3220	345	965	95	1968
VERACRUZ	393	1794	233	96	12597	3738	1088	3986	557	5744	340	1996	149	121	11164	3733	1018	3528	470	5021
VIQUEQUE	642	3490	140	100	6043	5182	336	2044	262	2591	824	4037	133	115	5145	5869	344	1823	241	1977
WATULARI	1458	1517	305	75	3750	3499	200	2019	65	1322	2002	1691	262	70	3280	4290	134	1871	56	954
ZUMALAI	360	2160	92	54	2320	2840	291	1152	32	671										
